<ImportExportXml version="9.2.24093.218" SolutionPackageVersion="9.2" languagecode="1033" generatedBy="CrmLive" xmlns:xsi="http://www.w3.org/2001/XMLSchema-instance" OrganizationVersion="9.2.24093.218" OrganizationSchemaType="Full" CRMServerServiceabilityVersion="9.2.24101.00204">
  <SolutionManifest>
    <UniqueName>CaseManagement</UniqueName>
    <LocalizedNames>
      <LocalizedName description="Case Management" languagecode="1033" />
    </LocalizedNames>
    <Descriptions />
    <Version>1.0.0.3</Version>
    <Managed>0</Managed>
    <Publisher>
      <UniqueName>OGDevWorksGCC</UniqueName>
      <LocalizedNames>
        <LocalizedName description="OGDevWorksGCC" languagecode="1033" />
      </LocalizedNames>
      <Descriptions />
      <EMailAddress xsi:nil="true"></EMailAddress>
      <SupportingWebsiteUrl xsi:nil="true"></SupportingWebsiteUrl>
      <CustomizationPrefix>ogdwgcc</CustomizationPrefix>
      <CustomizationOptionValuePrefix>11892</CustomizationOptionValuePrefix>
      <Addresses>
        <Address>
          <AddressNumber>1</AddressNumber>
          <AddressTypeCode>1</AddressTypeCode>
          <City xsi:nil="true"></City>
          <County xsi:nil="true"></County>
          <Country xsi:nil="true"></Country>
          <Fax xsi:nil="true"></Fax>
          <FreightTermsCode xsi:nil="true"></FreightTermsCode>
          <ImportSequenceNumber xsi:nil="true"></ImportSequenceNumber>
          <Latitude xsi:nil="true"></Latitude>
          <Line1 xsi:nil="true"></Line1>
          <Line2 xsi:nil="true"></Line2>
          <Line3 xsi:nil="true"></Line3>
          <Longitude xsi:nil="true"></Longitude>
          <Name xsi:nil="true"></Name>
          <PostalCode xsi:nil="true"></PostalCode>
          <PostOfficeBox xsi:nil="true"></PostOfficeBox>
          <PrimaryContactName xsi:nil="true"></PrimaryContactName>
          <ShippingMethodCode>1</ShippingMethodCode>
          <StateOrProvince xsi:nil="true"></StateOrProvince>
          <Telephone1 xsi:nil="true"></Telephone1>
          <Telephone2 xsi:nil="true"></Telephone2>
          <Telephone3 xsi:nil="true"></Telephone3>
          <TimeZoneRuleVersionNumber xsi:nil="true"></TimeZoneRuleVersionNumber>
          <UPSZone xsi:nil="true"></UPSZone>
          <UTCOffset xsi:nil="true"></UTCOffset>
          <UTCConversionTimeZoneCode xsi:nil="true"></UTCConversionTimeZoneCode>
        </Address>
        <Address>
          <AddressNumber>2</AddressNumber>
          <AddressTypeCode>1</AddressTypeCode>
          <City xsi:nil="true"></City>
          <County xsi:nil="true"></County>
          <Country xsi:nil="true"></Country>
          <Fax xsi:nil="true"></Fax>
          <FreightTermsCode xsi:nil="true"></FreightTermsCode>
          <ImportSequenceNumber xsi:nil="true"></ImportSequenceNumber>
          <Latitude xsi:nil="true"></Latitude>
          <Line1 xsi:nil="true"></Line1>
          <Line2 xsi:nil="true"></Line2>
          <Line3 xsi:nil="true"></Line3>
          <Longitude xsi:nil="true"></Longitude>
          <Name xsi:nil="true"></Name>
          <PostalCode xsi:nil="true"></PostalCode>
          <PostOfficeBox xsi:nil="true"></PostOfficeBox>
          <PrimaryContactName xsi:nil="true"></PrimaryContactName>
          <ShippingMethodCode>1</ShippingMethodCode>
          <StateOrProvince xsi:nil="true"></StateOrProvince>
          <Telephone1 xsi:nil="true"></Telephone1>
          <Telephone2 xsi:nil="true"></Telephone2>
          <Telephone3 xsi:nil="true"></Telephone3>
          <TimeZoneRuleVersionNumber xsi:nil="true"></TimeZoneRuleVersionNumber>
          <UPSZone xsi:nil="true"></UPSZone>
          <UTCOffset xsi:nil="true"></UTCOffset>
          <UTCConversionTimeZoneCode xsi:nil="true"></UTCConversionTimeZoneCode>
        </Address>
      </Addresses>
    </Publisher>
    <RootComponents>
      <RootComponent type="1" schemaName="ogdwgcc_adjudicationcasebpf" behavior="0" />
      <RootComponent type="1" schemaName="ogdwgcc_case" behavior="0" />
      <RootComponent type="1" schemaName="ogdwgcc_determinationletter" behavior="0" />
      <RootComponent type="1" schemaName="ogdwgcc_factfindingform" behavior="0" />
      <RootComponent type="1" schemaName="ogdwgcc_issue" behavior="0" />
      <RootComponent type="9" schemaName="ogdwgcc_issuecategory" behavior="0" />
      <RootComponent type="29" id="{05263120-84a7-ef11-8a6a-001dd80bde4a}" behavior="0" />
      <RootComponent type="29" id="{0c7ac268-61a0-ef11-8a6b-001dd80bde4a}" behavior="0" />
      <RootComponent type="29" id="{1cd6d537-6da0-ef11-8a6b-001dd801af3d}" behavior="0" />
      <RootComponent type="29" id="{20386c1f-84a7-ef11-8a6a-001dd801af3d}" behavior="0" />
      <RootComponent type="29" id="{6dc97d20-84a7-ef11-8a6a-001dd80bb09b}" behavior="0" />
      <RootComponent type="29" id="{73c97d20-84a7-ef11-8a6a-001dd80bb09b}" behavior="0" />
      <RootComponent type="60" id="{05bcd23a-cfa6-ef11-8a6a-001dd80bb09b}" behavior="0" />
      <RootComponent type="61" schemaName="ogdwgcc_analysis" behavior="0" />
      <RootComponent type="61" schemaName="ogdwgcc_danger" behavior="0" />
      <RootComponent type="61" schemaName="ogdwgcc_paper" behavior="0" />
      <RootComponent type="61" schemaName="ogdwgcc_prioritize" behavior="0" />
      <RootComponent type="61" schemaName="ogdwgcc_settingsgearicon" behavior="0" />
      <RootComponent type="62" schemaName="ogdwgcc_CaseManagementAdmin" behavior="0" />
      <RootComponent type="80" schemaName="ogdwgcc_CaseManagementAdmin" behavior="0" />
      <RootComponent type="300" schemaName="ogdwgcc_casemanagement_b989c" behavior="0" />
    </RootComponents>
    <MissingDependencies>

    </MissingDependencies>
  </SolutionManifest>
</ImportExportXml>