{
  "properties": {
    "connectionReferences": {
      "shared_commondataserviceforapps": {
        "impersonation": {},
        "runtimeSource": "embedded",
        "connection": {
          "connectionReferenceLogicalName": "ogdwgcc_sharedcommondataserviceforapps_07924"
        },
        "api": {
          "name": "shared_commondataserviceforapps"
        }
      }
    },
    "definition": {
      "$schema": "https://schema.management.azure.com/providers/Microsoft.Logic/schemas/2016-06-01/workflowdefinition.json#",
      "contentVersion": "1.0.0.0",
      "parameters": {
        "$connections": {
          "defaultValue": {},
          "type": "Object"
        },
        "$authentication": {
          "defaultValue": {},
          "type": "SecureObject"
        }
      },
      "triggers": {
        "When_a_row_is_added,_modified_or_deleted_-_Case_Status": {
          "metadata": {
            "operationMetadataId": "ccf5f5f2-d838-4513-9330-d4cbdf78ed77"
          },
          "type": "OpenApiConnectionWebhook",
          "inputs": {
            "host": {
              "apiId": "/providers/Microsoft.PowerApps/apis/shared_commondataserviceforapps",
              "connectionName": "shared_commondataserviceforapps",
              "operationId": "SubscribeWebhookTrigger"
            },
            "parameters": {
              "subscriptionRequest/message": 3,
              "subscriptionRequest/entityname": "ogdwgcc_case",
              "subscriptionRequest/scope": 4,
              "subscriptionRequest/filteringattributes": "statuscode"
            },
            "authentication": "@parameters('$authentication')"
          }
        }
      },
      "actions": {
        "List_rows_-_Adjudication_Case_BPF_Table": {
          "runAfter": {},
          "metadata": {
            "operationMetadataId": "707a46dd-c0bc-4566-b802-eeea1ee1cbb9"
          },
          "type": "OpenApiConnection",
          "inputs": {
            "host": {
              "apiId": "/providers/Microsoft.PowerApps/apis/shared_commondataserviceforapps",
              "connectionName": "shared_commondataserviceforapps",
              "operationId": "ListRecords"
            },
            "parameters": {
              "entityName": "ogdwgcc_adjudicationcasebpfs",
              "$filter": "_bpf_ogdwgcc_caseid_value eq @{triggerOutputs()?['body/ogdwgcc_caseid']}"
            },
            "authentication": "@parameters('$authentication')"
          }
        },
        "Apply_to_each_-_Row_from_BPF_Table": {
          "foreach": "@outputs('List_rows_-_Adjudication_Case_BPF_Table')?['body/value']",
          "actions": {
            "Switch": {
              "runAfter": {},
              "cases": {
                "Case": {
                  "case": 1,
                  "actions": {
                    "Update_a_row_-_Unassigned": {
                      "runAfter": {},
                      "metadata": {
                        "operationMetadataId": "8fde99ba-5629-448a-b9d9-0e609d291b0a"
                      },
                      "type": "OpenApiConnection",
                      "inputs": {
                        "host": {
                          "apiId": "/providers/Microsoft.PowerApps/apis/shared_commondataserviceforapps",
                          "connectionName": "shared_commondataserviceforapps",
                          "operationId": "UpdateRecord"
                        },
                        "parameters": {
                          "entityName": "ogdwgcc_adjudicationcasebpfs",
                          "recordId": "@items('Apply_to_each_-_Row_from_BPF_Table')?['businessprocessflowinstanceid']",
                          "item/activestageid@odata.bind": "/processstages/a33e108b-9abd-4c45-aea0-91853422abe0"
                        },
                        "authentication": "@parameters('$authentication')"
                      }
                    }
                  }
                },
                "Case_2": {
                  "case": 604130001,
                  "actions": {
                    "Update_a_row_-_Assigned": {
                      "runAfter": {},
                      "metadata": {
                        "operationMetadataId": "94e46000-9fd1-4e12-a464-7fcccc40d10c"
                      },
                      "type": "OpenApiConnection",
                      "inputs": {
                        "host": {
                          "apiId": "/providers/Microsoft.PowerApps/apis/shared_commondataserviceforapps",
                          "connectionName": "shared_commondataserviceforapps",
                          "operationId": "UpdateRecord"
                        },
                        "parameters": {
                          "entityName": "ogdwgcc_adjudicationcasebpfs",
                          "recordId": "@items('Apply_to_each_-_Row_from_BPF_Table')?['businessprocessflowinstanceid']",
                          "item/activestageid@odata.bind": "/processstages/18d14fb5-bc2c-45f0-9178-8e717056e306"
                        },
                        "authentication": "@parameters('$authentication')"
                      }
                    }
                  }
                },
                "Case_3": {
                  "case": 604130002,
                  "actions": {
                    "Update_a_row_-_Scheduled": {
                      "runAfter": {},
                      "metadata": {
                        "operationMetadataId": "815331f2-3898-40fc-a9ad-edef03317145"
                      },
                      "type": "OpenApiConnection",
                      "inputs": {
                        "host": {
                          "apiId": "/providers/Microsoft.PowerApps/apis/shared_commondataserviceforapps",
                          "connectionName": "shared_commondataserviceforapps",
                          "operationId": "UpdateRecord"
                        },
                        "parameters": {
                          "entityName": "ogdwgcc_adjudicationcasebpfs",
                          "recordId": "@items('Apply_to_each_-_Row_from_BPF_Table')?['businessprocessflowinstanceid']",
                          "item/activestageid@odata.bind": "/processstages/fea312d7-5827-4e1d-ad04-a9df12206f7c"
                        },
                        "authentication": "@parameters('$authentication')"
                      }
                    }
                  }
                }
              },
              "default": {
                "actions": {}
              },
              "expression": "@triggerOutputs()?['body/statuscode']",
              "metadata": {
                "operationMetadataId": "f1e3ebdd-ab75-41e0-a5a2-a1fa8c3f00f5"
              },
              "type": "Switch"
            }
          },
          "runAfter": {
            "Initialize_variable": [
              "Succeeded"
            ]
          },
          "metadata": {
            "operationMetadataId": "d5d57c0c-c58c-4aab-805a-a575dbc53ec1"
          },
          "type": "Foreach"
        },
        "Initialize_variable": {
          "runAfter": {
            "List_rows_-_Adjudication_Case_BPF_Table": [
              "Succeeded"
            ]
          },
          "metadata": {
            "operationMetadataId": "1b0f91f1-9195-4e1c-a61e-fabbefdf4b86"
          },
          "type": "InitializeVariable",
          "inputs": {
            "variables": [
              {
                "name": "StageName",
                "type": "string"
              }
            ]
          }
        }
      }
    },
    "templateName": null
  },
  "schemaVersion": "1.0.0.0"
}