{
  "properties": {
    "connectionReferences": {
      "shared_commondataserviceforapps": {
        "runtimeSource": "embedded",
        "connection": {
          "connectionReferenceLogicalName": "ogdwgcc_sharedcommondataserviceforapps_f13a7"
        },
        "api": {
          "name": "shared_commondataserviceforapps"
        }
      }
    },
    "definition": {
      "$schema": "https://schema.management.azure.com/providers/Microsoft.Logic/schemas/2016-06-01/workflowdefinition.json#",
      "contentVersion": "1.0.0.0",
      "parameters": {
        "$connections": {
          "defaultValue": {},
          "type": "Object"
        },
        "$authentication": {
          "defaultValue": {},
          "type": "SecureObject"
        }
      },
      "triggers": {
        "When_a_row_is_added_or_modified_-_Issue_Status": {
          "metadata": {
            "operationMetadataId": "d304f1d1-d51d-4d3b-a6ae-f792d668b668"
          },
          "type": "OpenApiConnectionWebhook",
          "inputs": {
            "host": {
              "connectionName": "shared_commondataserviceforapps",
              "operationId": "SubscribeWebhookTrigger",
              "apiId": "/providers/Microsoft.PowerApps/apis/shared_commondataserviceforapps"
            },
            "parameters": {
              "subscriptionRequest/message": 4,
              "subscriptionRequest/entityname": "ogdwgcc_issue",
              "subscriptionRequest/scope": 4,
              "subscriptionRequest/filteringattributes": "statuscode"
            },
            "authentication": "@parameters('$authentication')"
          }
        }
      },
      "actions": {
        "Initialize_variable_-_Issue_Status": {
          "runAfter": {},
          "metadata": {
            "operationMetadataId": "5a871a16-a148-4945-b09f-75bedd275835"
          },
          "type": "InitializeVariable",
          "inputs": {
            "variables": [
              {
                "name": "Issue Status",
                "type": "string",
                "value": "@{triggerOutputs()?['body/_statuscode_label']}"
              }
            ]
          }
        },
        "Switch_-_Issue_Status": {
          "runAfter": {
            "Initialize_variable_-_Issue_Status": [
              "Succeeded"
            ]
          },
          "cases": {
            "Case": {
              "case": "Unassigned",
              "actions": {
                "Update_a_row": {
                  "runAfter": {},
                  "metadata": {
                    "operationMetadataId": "68f5b80f-a717-4892-8fe7-2ff242aa7e7d"
                  },
                  "type": "OpenApiConnection",
                  "inputs": {
                    "host": {
                      "connectionName": "shared_commondataserviceforapps",
                      "operationId": "UpdateRecord",
                      "apiId": "/providers/Microsoft.PowerApps/apis/shared_commondataserviceforapps"
                    },
                    "parameters": {
                      "entityName": "ogdwgcc_cases",
                      "recordId": "@triggerOutputs()?['body/_ogdwgcc_case_value']",
                      "item/statuscode": 1
                    },
                    "authentication": "@parameters('$authentication')"
                  }
                }
              }
            },
            "Case_2": {
              "case": "Assigned",
              "actions": {
                "Update_a_row_2": {
                  "runAfter": {},
                  "metadata": {
                    "operationMetadataId": "b1e1f05c-1d79-48e8-a2d2-c16640f1dccd"
                  },
                  "type": "OpenApiConnection",
                  "inputs": {
                    "host": {
                      "connectionName": "shared_commondataserviceforapps",
                      "operationId": "UpdateRecord",
                      "apiId": "/providers/Microsoft.PowerApps/apis/shared_commondataserviceforapps"
                    },
                    "parameters": {
                      "entityName": "ogdwgcc_cases",
                      "recordId": "@triggerOutputs()?['body/_ogdwgcc_case_value']",
                      "item/statuscode": 604130001
                    },
                    "authentication": "@parameters('$authentication')"
                  }
                }
              }
            },
            "Case_3": {
              "case": "Scheduled",
              "actions": {
                "Update_a_row_3": {
                  "runAfter": {},
                  "metadata": {
                    "operationMetadataId": "9660fb57-5dd4-4eb4-9ad3-728be99a89e7"
                  },
                  "type": "OpenApiConnection",
                  "inputs": {
                    "host": {
                      "connectionName": "shared_commondataserviceforapps",
                      "operationId": "UpdateRecord",
                      "apiId": "/providers/Microsoft.PowerApps/apis/shared_commondataserviceforapps"
                    },
                    "parameters": {
                      "entityName": "ogdwgcc_cases",
                      "recordId": "@triggerOutputs()?['body/_ogdwgcc_case_value']",
                      "item/statuscode": 604130002
                    },
                    "authentication": "@parameters('$authentication')"
                  }
                }
              }
            }
          },
          "default": {
            "actions": {}
          },
          "expression": "@variables('Issue Status')",
          "metadata": {
            "operationMetadataId": "1333b4b7-3b9f-4785-ae58-150c7b3c2dd5"
          },
          "type": "Switch"
        }
      }
    },
    "templateName": ""
  },
  "schemaVersion": "1.0.0.0"
}