{
  "properties": {
    "connectionReferences": {
      "shared_commondataservice": {
        "runtimeSource": "invoker",
        "connection": {
          "connectionReferenceLogicalName": "ogdwgcc_sharedcommondataservice_b7f07"
        },
        "api": {
          "name": "shared_commondataservice"
        }
      },
      "shared_commondataserviceforapps": {
        "impersonation": {},
        "runtimeSource": "embedded",
        "connection": {
          "connectionReferenceLogicalName": "ogdwgcc_sharedcommondataserviceforapps_07924"
        },
        "api": {
          "name": "shared_commondataserviceforapps"
        }
      },
      "shared_wordonlinebusiness": {
        "runtimeSource": "invoker",
        "connection": {
          "connectionReferenceLogicalName": "ogdwgcc_sharedwordonlinebusiness_59b2b"
        },
        "api": {
          "name": "shared_wordonlinebusiness"
        }
      },
      "shared_sharepointonline": {
        "runtimeSource": "invoker",
        "connection": {
          "connectionReferenceLogicalName": "ogdwgcc_sharedsharepointonline_4eedd"
        },
        "api": {
          "name": "shared_sharepointonline"
        }
      }
    },
    "definition": {
      "$schema": "https://schema.management.azure.com/providers/Microsoft.Logic/schemas/2016-06-01/workflowdefinition.json#",
      "contentVersion": "1.0.0.0",
      "parameters": {
        "$connections": {
          "defaultValue": {},
          "type": "Object"
        },
        "$authentication": {
          "defaultValue": {},
          "type": "SecureObject"
        },
        "dynamicscrmonline.organizationName": {
          "defaultValue": "",
          "type": "String"
        },
        "dynamicscrmonline.entityName": {
          "defaultValue": "",
          "type": "String"
        }
      },
      "triggers": {
        "manual": {
          "splitOn": "@triggerBody()['rows']",
          "metadata": {
            "operationMetadataId": "948bce7c-6ca3-4f59-835d-c13e92e35c21"
          },
          "type": "Request",
          "kind": "ApiConnection",
          "inputs": {
            "schema": {
              "type": "object",
              "properties": {
                "rows": {
                  "type": "array",
                  "items": {
                    "type": "object",
                    "properties": {
                      "entity": {
                        "type": "object",
                        "properties": {
                          "ogdwgcc_name": {
                            "title": "Name",
                            "type": "string"
                          }
                        },
                        "required": []
                      }
                    },
                    "required": []
                  }
                }
              },
              "required": []
            },
            "host": {
              "connection": {
                "name": "@parameters('$connections')['shared_commondataservice']['connectionId']"
              }
            },
            "operationId": "GetOnNewItems_V2",
            "parameters": {
              "dataset": "default.cds",
              "table": "ogdwgcc_determinationletters"
            }
          }
        }
      },
      "actions": {
        "List_rows": {
          "runAfter": {},
          "metadata": {
            "operationMetadataId": "ebdb29e0-cd5d-4a2e-b924-2aa38c82a64b"
          },
          "type": "OpenApiConnection",
          "inputs": {
            "host": {
              "apiId": "/providers/Microsoft.PowerApps/apis/shared_commondataserviceforapps",
              "connectionName": "shared_commondataserviceforapps",
              "operationId": "ListRecords"
            },
            "parameters": {
              "entityName": "ogdwgcc_issues",
              "$filter": "_ogdwgcc_determinationletter_value eq @{triggerBody()?['entity']?['ogdwgcc_determinationletterid']}"
            },
            "authentication": "@parameters('$authentication')"
          }
        },
        "Initialize_variable": {
          "runAfter": {
            "List_rows": [
              "Succeeded"
            ]
          },
          "metadata": {
            "operationMetadataId": "e6f2e5c9-0822-4c23-a889-c23605cbd462"
          },
          "type": "InitializeVariable",
          "inputs": {
            "variables": [
              {
                "name": "Issue Text",
                "type": "string"
              }
            ]
          }
        },
        "Apply_to_each": {
          "foreach": "@outputs('List_rows')?['body/value']",
          "actions": {
            "Append_to_string_variable": {
              "runAfter": {},
              "metadata": {
                "operationMetadataId": "ad9a93ca-4763-4bfe-a78d-661a0bd5f8c0"
              },
              "type": "AppendToStringVariable",
              "inputs": {
                "name": "Issue Text",
                "value": "Title\n@{items('Apply_to_each')?['ogdwgcc_name']}\n\nComments\n@{items('Apply_to_each')?['ogdwgcc_comments']}"
              }
            }
          },
          "runAfter": {
            "Initialize_variable": [
              "Succeeded"
            ]
          },
          "metadata": {
            "operationMetadataId": "6ef980f2-464a-4491-a0a9-952b4eff7419"
          },
          "type": "Foreach"
        },
        "Populate_a_Microsoft_Word_template": {
          "runAfter": {
            "Apply_to_each": [
              "Succeeded"
            ]
          },
          "metadata": {
            "01CHMZNKA4QYI7GCXHQVHKY5IRWBRFJQCC": "/Determination Letter.docx",
            "operationMetadataId": "357f0533-bcfe-499c-a31e-f92a1a0e0c3c"
          },
          "type": "OpenApiConnection",
          "inputs": {
            "host": {
              "apiId": "/providers/Microsoft.PowerApps/apis/shared_wordonlinebusiness",
              "connectionName": "shared_wordonlinebusiness",
              "operationId": "CreateFileItem"
            },
            "parameters": {
              "source": "groups/09e8b245-135b-4fec-8a0a-be14dda365d7",
              "drive": "b!q00qakPPq0CzRN6kbuTK8lDCW2XJN7RFu12iS5DY8K3eScV3weP_RYAmxhC9qkmI",
              "file": "01CHMZNKA4QYI7GCXHQVHKY5IRWBRFJQCC",
              "dynamicFileSchema/-2084820245": "@variables('Issue Text')"
            },
            "authentication": {
              "value": "@json(decodeBase64(triggerOutputs().headers['X-MS-APIM-Tokens']))['$ConnectionKey']",
              "type": "Raw"
            }
          }
        },
        "Create_file": {
          "runAfter": {
            "Populate_a_Microsoft_Word_template": [
              "Succeeded"
            ]
          },
          "metadata": {
            "operationMetadataId": "78112fd4-6531-474f-93f1-3e8b5cc5e936"
          },
          "type": "OpenApiConnection",
          "inputs": {
            "host": {
              "apiId": "/providers/Microsoft.PowerApps/apis/shared_sharepointonline",
              "connectionName": "shared_sharepointonline",
              "operationId": "CreateFile"
            },
            "parameters": {
              "dataset": "https://testtestmsftgccfo.sharepoint.com/sites/CaseManagement",
              "folderPath": "/Shared Documents",
              "name": "@{triggerBody()?['entity']?['ogdwgcc_name']} - @{formatDateTime(utcNow(), 'MM/dd/yyyy')}.docx",
              "body": "@body('Populate_a_Microsoft_Word_template')"
            },
            "authentication": {
              "value": "@json(decodeBase64(triggerOutputs().headers['X-MS-APIM-Tokens']))['$ConnectionKey']",
              "type": "Raw"
            }
          },
          "runtimeConfiguration": {
            "contentTransfer": {
              "transferMode": "Chunked"
            }
          }
        }
      }
    },
    "templateName": "25b2ebc7a0104063aadf51c904a6a95f"
  },
  "schemaVersion": "1.0.0.0"
}