{
  "properties": {
    "connectionReferences": {
      "shared_commondataservice": {
        "runtimeSource": "invoker",
        "connection": {
          "connectionReferenceLogicalName": "ogdwgcc_sharedcommondataservice_b7f07"
        },
        "api": {
          "name": "shared_commondataservice"
        }
      },
      "shared_commondataserviceforapps": {
        "impersonation": {},
        "runtimeSource": "embedded",
        "connection": {
          "connectionReferenceLogicalName": "ogdwgcc_sharedcommondataserviceforapps_07924"
        },
        "api": {
          "name": "shared_commondataserviceforapps"
        }
      }
    },
    "definition": {
      "$schema": "https://schema.management.azure.com/providers/Microsoft.Logic/schemas/2016-06-01/workflowdefinition.json#",
      "contentVersion": "1.0.0.0",
      "parameters": {
        "$connections": {
          "defaultValue": {},
          "type": "Object"
        },
        "$authentication": {
          "defaultValue": {},
          "type": "SecureObject"
        },
        "dynamicscrmonline.organizationName": {
          "defaultValue": "",
          "type": "String"
        },
        "dynamicscrmonline.entityName": {
          "defaultValue": "",
          "type": "String"
        }
      },
      "triggers": {
        "manual": {
          "splitOn": "@triggerBody()['rows']",
          "metadata": {
            "operationMetadataId": "b5abd73b-d09b-4d73-9f22-ed691835ef22"
          },
          "type": "Request",
          "kind": "ApiConnection",
          "inputs": {
            "schema": {
              "type": "object",
              "properties": {
                "rows": {
                  "type": "array",
                  "items": {
                    "type": "object",
                    "properties": {
                      "entity": {
                        "type": "object",
                        "properties": {
                          "ogdwgcc_determinationletterid": {
                            "title": "Determination Letter",
                            "type": "string",
                            "format": "guid"
                          }
                        },
                        "required": [
                          "ogdwgcc_determinationletterid"
                        ]
                      }
                    },
                    "required": [
                      "entity"
                    ]
                  }
                }
              },
              "required": [
                "rows"
              ]
            },
            "host": {
              "connection": {
                "name": "@parameters('$connections')['shared_commondataservice']['connectionId']"
              }
            },
            "operationId": "GetOnNewItems_V2",
            "parameters": {
              "dataset": "default.cds",
              "table": "ogdwgcc_determinationletters"
            }
          }
        }
      },
      "actions": {
        "List_rows": {
          "runAfter": {},
          "metadata": {
            "operationMetadataId": "75ba3d05-abbf-4a65-81cc-de27a3a52ec2"
          },
          "type": "OpenApiConnection",
          "inputs": {
            "host": {
              "apiId": "/providers/Microsoft.PowerApps/apis/shared_commondataserviceforapps",
              "connectionName": "shared_commondataserviceforapps",
              "operationId": "ListRecords"
            },
            "parameters": {
              "entityName": "ogdwgcc_issues",
              "$filter": "_ogdwgcc_determinationletter_value eq @{triggerBody()?['entity']?['ogdwgcc_determinationletterid']}"
            },
            "authentication": "@parameters('$authentication')"
          }
        },
        "Apply_to_each": {
          "foreach": "@outputs('List_rows')?['body/value']",
          "actions": {
            "Append_to_string_variable": {
              "runAfter": {},
              "metadata": {
                "operationMetadataId": "63900760-c22f-4a5d-bd5e-f53d3932924f"
              },
              "type": "AppendToStringVariable",
              "inputs": {
                "name": "Issue Text",
                "value": "Title:\n@{items('Apply_to_each')?['ogdwgcc_name']}\n\nComments:\n@{items('Apply_to_each')?['ogdwgcc_comments']}\n\n\n"
              }
            }
          },
          "runAfter": {
            "Initialize_variable": [
              "Succeeded"
            ]
          },
          "metadata": {
            "operationMetadataId": "8c2310e7-7fcb-4361-bc26-5b6b6df641a8"
          },
          "type": "Foreach"
        },
        "Initialize_variable": {
          "runAfter": {
            "List_rows": [
              "Succeeded"
            ]
          },
          "metadata": {
            "operationMetadataId": "8d56d6e7-9fca-492b-bbec-4477fb7e363d"
          },
          "type": "InitializeVariable",
          "inputs": {
            "variables": [
              {
                "name": "Issue Text",
                "type": "string"
              }
            ]
          }
        },
        "Update_a_row": {
          "runAfter": {
            "Apply_to_each": [
              "Succeeded"
            ]
          },
          "metadata": {
            "operationMetadataId": "69aaebca-5ed9-48e8-a6cc-924bcb56d62c"
          },
          "type": "OpenApiConnection",
          "inputs": {
            "host": {
              "apiId": "/providers/Microsoft.PowerApps/apis/shared_commondataserviceforapps",
              "connectionName": "shared_commondataserviceforapps",
              "operationId": "UpdateOnlyRecord"
            },
            "parameters": {
              "entityName": "ogdwgcc_determinationletters",
              "recordId": "@triggerBody()?['entity']?['ogdwgcc_determinationletterid']",
              "item/ogdwgcc_generatedlettertext": "@variables('Issue Text')"
            },
            "authentication": "@parameters('$authentication')"
          }
        }
      }
    },
    "templateName": "25b2ebc7a0104063aadf51c904a6a95f"
  },
  "schemaVersion": "1.0.0.0"
}