{
  "properties": {
    "connectionReferences": {
      "shared_commondataserviceforapps": {
        "impersonation": {},
        "runtimeSource": "embedded",
        "connection": {
          "connectionReferenceLogicalName": "ogdwgcc_sharedcommondataserviceforapps_07924"
        },
        "api": {
          "name": "shared_commondataserviceforapps"
        }
      },
      "shared_office365": {
        "runtimeSource": "embedded",
        "connection": {
          "connectionReferenceLogicalName": "ogdwgcc_sharedoffice365_1844c"
        },
        "api": {
          "name": "shared_office365"
        }
      }
    },
    "definition": {
      "$schema": "https://schema.management.azure.com/providers/Microsoft.Logic/schemas/2016-06-01/workflowdefinition.json#",
      "contentVersion": "1.0.0.0",
      "parameters": {
        "$connections": {
          "defaultValue": {},
          "type": "Object"
        },
        "$authentication": {
          "defaultValue": {},
          "type": "SecureObject"
        }
      },
      "triggers": {
        "When_a_row_is_added,_modified_or_deleted": {
          "metadata": {
            "operationMetadataId": "31f3d1a6-3144-4b80-bdb4-a92bd5cc1e41"
          },
          "type": "OpenApiConnectionWebhook",
          "inputs": {
            "host": {
              "apiId": "/providers/Microsoft.PowerApps/apis/shared_commondataserviceforapps",
              "connectionName": "shared_commondataserviceforapps",
              "operationId": "SubscribeWebhookTrigger"
            },
            "parameters": {
              "subscriptionRequest/message": 3,
              "subscriptionRequest/entityname": "ogdwgcc_case",
              "subscriptionRequest/scope": 4,
              "subscriptionRequest/filteringattributes": "statuscode"
            },
            "authentication": "@parameters('$authentication')"
          }
        }
      },
      "actions": {
        "List_rows": {
          "runAfter": {},
          "metadata": {
            "operationMetadataId": "2807d02d-abf5-4a2a-be4e-0c82a08ec218"
          },
          "type": "OpenApiConnection",
          "inputs": {
            "host": {
              "apiId": "/providers/Microsoft.PowerApps/apis/shared_commondataserviceforapps",
              "connectionName": "shared_commondataserviceforapps",
              "operationId": "ListRecords"
            },
            "parameters": {
              "entityName": "systemusers",
              "$filter": "systemuserid eq @{triggerOutputs()?['body/_ownerid_value']}"
            },
            "authentication": "@parameters('$authentication')"
          }
        },
        "Apply_to_each": {
          "foreach": "@outputs('List_rows')?['body/value']",
          "actions": {
            "Set_variable": {
              "runAfter": {},
              "metadata": {
                "operationMetadataId": "befa422f-6d7b-42eb-aa3f-fa0bddb179af"
              },
              "type": "SetVariable",
              "inputs": {
                "name": "OwnerEmail",
                "value": "@items('Apply_to_each')?['internalemailaddress']"
              }
            }
          },
          "runAfter": {
            "Initialize_variable": [
              "Succeeded"
            ]
          },
          "metadata": {
            "operationMetadataId": "91d4fbdd-a2f9-4335-b6d5-6b55a0e99f4c"
          },
          "type": "Foreach"
        },
        "Initialize_variable": {
          "runAfter": {
            "List_rows": [
              "Succeeded"
            ]
          },
          "metadata": {
            "operationMetadataId": "7e65d440-c3d6-40d5-9d30-88038f52c322"
          },
          "type": "InitializeVariable",
          "inputs": {
            "variables": [
              {
                "name": "OwnerEmail",
                "type": "string"
              }
            ]
          }
        },
        "Send_an_email_(V2)": {
          "runAfter": {
            "Apply_to_each": [
              "Succeeded"
            ]
          },
          "metadata": {
            "operationMetadataId": "389a0bed-87eb-4633-9df4-f4fd4791917a"
          },
          "type": "OpenApiConnection",
          "inputs": {
            "host": {
              "apiId": "/providers/Microsoft.PowerApps/apis/shared_office365",
              "connectionName": "shared_office365",
              "operationId": "SendEmailV2"
            },
            "parameters": {
              "emailMessage/To": "@variables('OwnerEmail')",
              "emailMessage/Subject": "Case Status Updated Notification",
              "emailMessage/Body": "<p>The status of a case you own has been updated. &nbsp;You can view the case <a href='https://org7cd6b967.crm9.dynamics.com/main.aspx?appid=28fe84ce-51a0-ef11-8a6b-001dd80bde4a&pagetype=entityrecord&etn=ogdwgcc_case&id=@{triggerOutputs()?['body/ogdwgcc_caseid']}'>here</a>.</p>",
              "emailMessage/Importance": "Normal"
            },
            "authentication": "@parameters('$authentication')"
          }
        }
      }
    },
    "templateName": null
  },
  "schemaVersion": "1.0.0.0"
}